"country","count","per"
"Ireland","10","0.07575757575757575758"
"France","19","0.14393939393939393939"
"Netherlands","5","0.03787878787878787879"
"UK","1","0.00757575757575757576"
"Belgium","4","0.03030303030303030303"
"Italy","19","0.14393939393939393939"
"Germany","28","0.21212121212121212121"
"England","22","0.16666666666666666667"
"Norway","24","0.18181818181818181818"
