"country","count","percentage"
"Ireland","6","0.05042016806722689076"
"France","23","0.19327731092436974790"
"Scotland","1","0.00840336134453781513"
"Netherlands","5","0.04201680672268907563"
"UK","2","0.01680672268907563025"
"Belgium","4","0.03361344537815126050"
"Germany","29","0.24369747899159663866"
"England","25","0.21008403361344537815"
"Norway","24","0.20168067226890756303"
