"country","total","percentage"
"Finland","1","0.00574712643678160920"
"Ukraine","16","0.09195402298850574713"
"USA","64","0.36781609195402298851"
"Germany","17","0.09770114942528735632"
"Canada","8","0.04597701149425287356"
"England","2","0.01149425287356321839"
"Russia","50","0.28735632183908045977"
"Norway","5","0.02873563218390804598"
"Czechia","11","0.06321839080459770115"
